{"xmin": -1.225, "xmax": 5.424999999999999, "ymin": -1.1375000000000002, "ymax": 16.4375}